,0,normal_question,correct_letter,original,permutation
0,normal_question,"TEXT: Second Your Arhuing that if America Wantstovote emotionally to FRG us back 100 years in time,we should.Why I may ask,do you want to return to failed tariff wars and anti globalist great depression policies that ruined nearly every economy in the Western world????Do you realize no economy can be on top by producing and selling to itself,Infact those countries are almost always the poorest countries with the lowest standard of living.
ASSUMPTION: The wars are constructive.
QUESTION: How is ""tariff"" being metaphorically described based on the assumption? Choose the best word from the options:""
 A) placid
 B) tax
 C) destructive
 D) constructive
FINAL ANSWER FORMATTING INSTRUCTION: Your final answer MUST be a single letter, in the form '/boxed[letter]', at the end of your response.",destructive,"{'destructive': 'A', 'constructive': 'B', 'tax': 'C', 'placid': 'D'}","{'A': 'placid', 'B': 'tax', 'C': 'destructive', 'D': 'constructive'}"
1,correct_letter,"TEXT: So yes, I believe as Bob, that much of what we read in scripture is focused on and around Israel and the Middle East, with judgements on the nations also for rejecting the truth and turning to idols of wealth, lust and false teachings.
ASSUMPTION: The idols are peripheral.
QUESTION: How is ""wealth"" being metaphorically described based on the assumption? Choose the best word from the options:""
 A) peripheral
 B) central
 C) unpretentious
 D) penniless
FINAL ANSWER FORMATTING INSTRUCTION: Your final answer MUST be a single letter, in the form '/boxed[letter]', at the end of your response.",central,"{'central': 'A', 'peripheral': 'B', 'penniless': 'C', 'unpretentious': 'D'}","{'A': 'peripheral', 'B': 'central', 'C': 'unpretentious', 'D': 'penniless'}"
2,original,"TEXT: It can redeem the whole human scene through the understanding that addresses the roots of poverty, persecution, or other issues of deep concern.
ASSUMPTION: The roots are superficial.
QUESTION: How is ""poverty"" being metaphorically described based on the assumption? Choose the best word from the options:""
 A) flourishing
 B) fundamental
 C) lavish
 D) superficial
FINAL ANSWER FORMATTING INSTRUCTION: Your final answer MUST be a single letter, in the form '/boxed[letter]', at the end of your response.",fundamental,"{'fundamental': 'A', 'superficial': 'B', 'lavish': 'C', 'flourishing': 'D'}","{'A': 'flourishing', 'B': 'fundamental', 'C': 'lavish', 'D': 'superficial'}"
3,permutation,"TEXT: Poverty and food security are heterogeneous phenomena in most countries; types and depth of poverty, measured in different ways, vary between and within countries and regions.
ASSUMPTION: A depth is flat.
QUESTION: How is ""poverty"" being metaphorically described based on the assumption? Choose the best word from the options:""
 A) trivial
 B) flat
 C) tiered
 D) empty
FINAL ANSWER FORMATTING INSTRUCTION: Your final answer MUST be a single letter, in the form '/boxed[letter]', at the end of your response.",tiered,"{'tiered': 'A', 'flat': 'B', 'empty': 'C', 'trivial': 'D'}","{'A': 'trivial', 'B': 'flat', 'C': 'tiered', 'D': 'empty'}"
4,,"TEXT: Then Monday arrived and with it came an infestation of congressmen and women.
ASSUMPTION: An infestation is welcome.
QUESTION: How is ""congressmen"" being metaphorically described based on the assumption? Choose the best word from the options:""
 A) ethical
 B) unwelcome
 C) silent
 D) welcome
FINAL ANSWER FORMATTING INSTRUCTION: Your final answer MUST be a single letter, in the form '/boxed[letter]', at the end of your response.",unwelcome,"{'unwelcome': 'A', 'welcome': 'B', 'ethical': 'C', 'silent': 'D'}","{'A': 'ethical', 'B': 'unwelcome', 'C': 'silent', 'D': 'welcome'}"
5,,"TEXT: Part III explains why elections do not deserve the label of beacon of democracy, given the record of past transitions to democracy.
ASSUMPTION: A beacon is mislead.
QUESTION: How is ""democracy"" being metaphorically described based on the assumption? Choose the best word from the options:""
 A) mislead
 B) guide
 C) disorganized
 D) oligarchic
FINAL ANSWER FORMATTING INSTRUCTION: Your final answer MUST be a single letter, in the form '/boxed[letter]', at the end of your response.",guide,"{'guide': 'A', 'mislead': 'B', 'disorganized': 'C', 'oligarchic': 'D'}","{'A': 'mislead', 'B': 'guide', 'C': 'disorganized', 'D': 'oligarchic'}"
6,,"TEXT: It is all too common for countries attempting political transitions to achieve the forms but not the substance of democracy.
ASSUMPTION: A substance is superficial.
QUESTION: How is ""democracy"" being metaphorically described based on the assumption? Choose the best word from the options:""
 A) superficial
 B) fundamental
 C) accountable
 D) inflexible
FINAL ANSWER FORMATTING INSTRUCTION: Your final answer MUST be a single letter, in the form '/boxed[letter]', at the end of your response.",fundamental,"{'fundamental': 'A', 'superficial': 'B', 'accountable': 'C', 'inflexible': 'D'}","{'A': 'superficial', 'B': 'fundamental', 'C': 'accountable', 'D': 'inflexible'}"
7,,"TEXT: News24 Home > MyNews24 > Your Story Planting the seeds of poverty View 109 Comments By: Kevin King 2011-05-11 13:00 Planting the seeds of poverty
ASSUMPTION: The seeds are follower.
QUESTION: How is ""poverty"" being metaphorically described based on the assumption? Choose the best word from the options:""
 A) follower
 B) originator
 C) luxurious
 D) flourishing
FINAL ANSWER FORMATTING INSTRUCTION: Your final answer MUST be a single letter, in the form '/boxed[letter]', at the end of your response.",originator,"{'originator': 'A', 'follower': 'B', 'luxurious': 'C', 'flourishing': 'D'}","{'A': 'follower', 'B': 'originator', 'C': 'luxurious', 'D': 'flourishing'}"
8,,"TEXT: You do not feel your family clutching the heels of your feet as you climb up the ladder, out of the well of poverty, clinging and pushing away.
ASSUMPTION: A well is strengthening.
QUESTION: How is ""poverty"" being metaphorically described based on the assumption? Choose the best word from the options:""
 A) rich
 B) debilitating
 C) widespread
 D) strengthening
FINAL ANSWER FORMATTING INSTRUCTION: Your final answer MUST be a single letter, in the form '/boxed[letter]', at the end of your response.",debilitating,"{'debilitating': 'A', 'strengthening': 'B', 'widespread': 'C', 'rich': 'D'}","{'A': 'rich', 'B': 'debilitating', 'C': 'widespread', 'D': 'strengthening'}"
9,,"TEXT: The Arab Spring arose from the prescription of political reform as the democracy cure for what ails the Muslim world.
ASSUMPTION: A cure is expiration.
QUESTION: How is ""democracy"" being metaphorically described based on the assumption? Choose the best word from the options:""
 A) expiration
 B) imperfect
 C) tyrannical
 D) renewal
FINAL ANSWER FORMATTING INSTRUCTION: Your final answer MUST be a single letter, in the form '/boxed[letter]', at the end of your response.",renewal,"{'renewal': 'A', 'expiration': 'B', 'imperfect': 'C', 'tyrannical': 'D'}","{'A': 'expiration', 'B': 'imperfect', 'C': 'tyrannical', 'D': 'renewal'}"
10,,"TEXT: But, we are there now and the President articulated a vision in an American Enterprises Institute speech in February in which he talked about Iraq as a democracy beacon for the rest of the region.
ASSUMPTION: A beacon is mislead.
QUESTION: How is ""democracy"" being metaphorically described based on the assumption? Choose the best word from the options:""
 A) guide
 B) mislead
 C) tyrannical
 D) disorganized
FINAL ANSWER FORMATTING INSTRUCTION: Your final answer MUST be a single letter, in the form '/boxed[letter]', at the end of your response.",guide,"{'guide': 'A', 'mislead': 'B', 'disorganized': 'C', 'tyrannical': 'D'}","{'A': 'guide', 'B': 'mislead', 'C': 'tyrannical', 'D': 'disorganized'}"
11,,"TEXT: Indeed, as so often happens in centralized systems, the bureaucratic remedy for one problem led to even worse trouble down the line.
ASSUMPTION: A remedy is destructive.
QUESTION: How is ""bureaucratic"" being metaphorically described based on the assumption? Choose the best word from the options:""
 A) generative
 B) slow
 C) destructive
 D) innovative
FINAL ANSWER FORMATTING INSTRUCTION: Your final answer MUST be a single letter, in the form '/boxed[letter]', at the end of your response.",generative,"{'generative': 'A', 'destructive': 'B', 'slow': 'C', 'innovative': 'D'}","{'A': 'generative', 'B': 'slow', 'C': 'destructive', 'D': 'innovative'}"
12,,"TEXT: Plato witnessed the death of Socrates at the hands of the Athenian democracy in 399 BC.
ASSUMPTION: The hands are weak.
QUESTION: How is ""democracy"" being metaphorically described based on the assumption? Choose the best word from the options:""
 A) weak
 B) powerful
 C) oligarchic
 D) savory
FINAL ANSWER FORMATTING INSTRUCTION: Your final answer MUST be a single letter, in the form '/boxed[letter]', at the end of your response.",powerful,"{'powerful': 'A', 'weak': 'B', 'savory': 'C', 'oligarchic': 'D'}","{'A': 'weak', 'B': 'powerful', 'C': 'oligarchic', 'D': 'savory'}"
13,,"TEXT: Political philosophers from Aristotle to Samuel Huntington have noted that economic development and an expanding middle class can provide more fertile ground for democracy.
ASSUMPTION: A ground is unjustified.
QUESTION: How is ""democracy"" being metaphorically described based on the assumption? Choose the best word from the options:""
 A) stiff
 B) unjustified
 C) justified
 D) diverse
FINAL ANSWER FORMATTING INSTRUCTION: Your final answer MUST be a single letter, in the form '/boxed[letter]', at the end of your response.",justified,"{'justified': 'A', 'unjustified': 'B', 'diverse': 'C', 'stiff': 'D'}","{'A': 'stiff', 'B': 'unjustified', 'C': 'justified', 'D': 'diverse'}"
14,,"TEXT: As the madnessÂ in Iraq claims the lives of more citizens of the United States of America with each passing week, media reports are filled with very moving stories of how members of our armed forces, who have been placed into harm's way needlessly by a president who lied about the underlying premises to justify our invasion of Iraq and who continues to believe that the ""demigod"" of ""democracy"" will prevail in land torn by sectarian strife among competing bands of Mohammedans, are dealing with ever more novel ways being invented and adapted by Iraqi nationals, who resent their presence in Iraq, to kill them.
ASSUMPTION: A demigod is doubt.
QUESTION: How is ""democracy"" being metaphorically described based on the assumption? Choose the best word from the options:""
 A) doubt
 B) diverse
 C) faith-receiving
 D) finite
FINAL ANSWER FORMATTING INSTRUCTION: Your final answer MUST be a single letter, in the form '/boxed[letter]', at the end of your response.",faith-receiving,"{'faith-receiving': 'A', 'doubt': 'B', 'diverse': 'C', 'finite': 'D'}","{'A': 'doubt', 'B': 'diverse', 'C': 'faith-receiving', 'D': 'finite'}"
15,,"TEXT: Behind thought control in bourgeois democracy is the thinly gloved hand of repressive power.
ASSUMPTION: A hand is weak.
QUESTION: How is ""democracy"" being metaphorically described based on the assumption? Choose the best word from the options:""
 A) savory
 B) powerful
 C) oligarchic
 D) weak
FINAL ANSWER FORMATTING INSTRUCTION: Your final answer MUST be a single letter, in the form '/boxed[letter]', at the end of your response.",powerful,"{'powerful': 'A', 'weak': 'B', 'savory': 'C', 'oligarchic': 'D'}","{'A': 'savory', 'B': 'powerful', 'C': 'oligarchic', 'D': 'weak'}"
16,,"TEXT: Thank you for helping to free us from the clutches of democracy and community and sharing.&lt;/saracasm&gt;
ASSUMPTION: The clutches are uncontrolled.
QUESTION: How is ""democracy"" being metaphorically described based on the assumption? Choose the best word from the options:""
 A) controled
 B) uncontrolled
 C) oppressive
 D) bright
FINAL ANSWER FORMATTING INSTRUCTION: Your final answer MUST be a single letter, in the form '/boxed[letter]', at the end of your response.",controled,"{'controled': 'A', 'uncontrolled': 'B', 'bright': 'C', 'oppressive': 'D'}","{'A': 'controled', 'B': 'uncontrolled', 'C': 'oppressive', 'D': 'bright'}"
17,,"TEXT: There are good libertarian ideas that a global democracy nut like Gravel should find interesting such as jury nullification--if Gravel really wants to give power to ""the people""--but after hearing that interview with Scott Horton, Gravel just seemed too pig-headed to open his mind up to anything.
ASSUMPTION: A nut is sane.
QUESTION: How is ""democracy"" being metaphorically described based on the assumption? Choose the best word from the options:""
 A) sane
 B) multifaceted
 C) crunchy
 D) insane
FINAL ANSWER FORMATTING INSTRUCTION: Your final answer MUST be a single letter, in the form '/boxed[letter]', at the end of your response.",insane,"{'insane': 'A', 'sane': 'B', 'multifaceted': 'C', 'crunchy': 'D'}","{'A': 'sane', 'B': 'multifaceted', 'C': 'crunchy', 'D': 'insane'}"
18,,"TEXT: accurate characterization?In other words, have we reached the apex of democracy in which citizens are mobilized to provide a foundation for government?What about the people who do not watch Stewart or Colbert?Should we ignore them and emphasize that the existence of these programs
ASSUMPTION: An apex is atypical.
QUESTION: How is ""democracy"" being metaphorically described based on the assumption? Choose the best word from the options:""
 A) imperial
 B) quintessential
 C) accountable
 D) atypical
FINAL ANSWER FORMATTING INSTRUCTION: Your final answer MUST be a single letter, in the form '/boxed[letter]', at the end of your response.",quintessential,"{'quintessential': 'A', 'atypical': 'B', 'accountable': 'C', 'imperial': 'D'}","{'A': 'imperial', 'B': 'quintessential', 'C': 'accountable', 'D': 'atypical'}"
19,,"TEXT: But, insanity seems to be a regular affliction of Congress.
ASSUMPTION: An affliction is unimpaired.
QUESTION: How is ""congress"" being metaphorically described based on the assumption? Choose the best word from the options:""
 A) unimpaired
 B) superficial
 C) impaired
 D) cooperative
FINAL ANSWER FORMATTING INSTRUCTION: Your final answer MUST be a single letter, in the form '/boxed[letter]', at the end of your response.",impaired,"{'impaired': 'A', 'unimpaired': 'B', 'cooperative': 'C', 'superficial': 'D'}","{'A': 'unimpaired', 'B': 'superficial', 'C': 'impaired', 'D': 'cooperative'}"
20,,"TEXT: Without the blueprint of the Constitution and the Bill of Rights, our government would be more invasive in our lives than it already is.
ASSUMPTION: A blueprint is destructive.
QUESTION: How is ""constitution"" being metaphorically described based on the assumption? Choose the best word from the options:""
 A) generative
 B) destructive
 C) noisy
 D) temporary
FINAL ANSWER FORMATTING INSTRUCTION: Your final answer MUST be a single letter, in the form '/boxed[letter]', at the end of your response.",generative,"{'generative': 'A', 'destructive': 'B', 'noisy': 'C', 'temporary': 'D'}","{'A': 'generative', 'B': 'destructive', 'C': 'noisy', 'D': 'temporary'}"
21,,"TEXT: Timmerman's interviews with numerous factory workers make it clear that taking away their jobs is akin to creating a poverty tsunami.
ASSUMPTION: A tsunami is decrease.
QUESTION: How is ""poverty"" being metaphorically described based on the assumption? Choose the best word from the options:""
 A) lavish
 B) still
 C) decrease
 D) rapid increase
FINAL ANSWER FORMATTING INSTRUCTION: Your final answer MUST be a single letter, in the form '/boxed[letter]', at the end of your response.",rapid increase,"{'rapid increase': 'A', 'decrease': 'B', 'still': 'C', 'lavish': 'D'}","{'A': 'lavish', 'B': 'still', 'C': 'decrease', 'D': 'rapid increase'}"
22,,"TEXT: These measures would help close the wealth chasm.
ASSUMPTION: A chasm is depth.
QUESTION: How is ""wealth"" being metaphorically described based on the assumption? Choose the best word from the options:""
 A) depth
 B) plentiful
 C) restricted
 D) height
FINAL ANSWER FORMATTING INSTRUCTION: Your final answer MUST be a single letter, in the form '/boxed[letter]', at the end of your response.",height,"{'height': 'A', 'depth': 'B', 'plentiful': 'C', 'restricted': 'D'}","{'A': 'depth', 'B': 'plentiful', 'C': 'restricted', 'D': 'height'}"
23,,"TEXT: Filed Under 24 Comments Â» Published: December 29, 2010 under Archived Featured Articles, Archived Guest Articles If you hired a wealth coach to help you build a seven-figure income by investing or starting a new business, would you expect to find yourself in bankruptcy court a year later, with your house on the auction block?
ASSUMPTION: A coach is incompetence.
QUESTION: How is ""wealth"" being metaphorically described based on the assumption? Choose the best word from the options:""
 A) incompetence
 B) invisible
 C) expertise
 D) unpretentious
FINAL ANSWER FORMATTING INSTRUCTION: Your final answer MUST be a single letter, in the form '/boxed[letter]', at the end of your response.",expertise,"{'expertise': 'A', 'incompetence': 'B', 'invisible': 'C', 'unpretentious': 'D'}","{'A': 'incompetence', 'B': 'invisible', 'C': 'expertise', 'D': 'unpretentious'}"
24,,"TEXT: But in order to build your wealth shield against the threats posed by intrusive government, or what we call the â€œfederal leviathan,â€ central bank currency manipulation, corporatism and other exogenous threats, you have to remain nimble and flexible enough to be able to move our assets into specific areas of the equity, bond and commodity markets that, at any given time, could be outperforming other asset classes.
ASSUMPTION: A shield is danger.
QUESTION: How is ""wealth"" being metaphorically described based on the assumption? Choose the best word from the options:""
 A) danger
 B) insubstantial
 C) fleeting
 D) protection
FINAL ANSWER FORMATTING INSTRUCTION: Your final answer MUST be a single letter, in the form '/boxed[letter]', at the end of your response.",protection,"{'protection': 'A', 'danger': 'B', 'fleeting': 'C', 'insubstantial': 'D'}","{'A': 'danger', 'B': 'insubstantial', 'C': 'fleeting', 'D': 'protection'}"
25,,"TEXT: The intent of this form of intrusive legislation is to keep an eye on any NGO that could be considered unfavorable to the government.
ASSUMPTION: A form is mental.
QUESTION: How is ""legislation"" being metaphorically described based on the assumption? Choose the best word from the options:""
 A) detailed
 B) physical
 C) mental
 D) perishable
FINAL ANSWER FORMATTING INSTRUCTION: Your final answer MUST be a single letter, in the form '/boxed[letter]', at the end of your response.",physical,"{'physical': 'A', 'mental': 'B', 'detailed': 'C', 'perishable': 'D'}","{'A': 'detailed', 'B': 'physical', 'C': 'mental', 'D': 'perishable'}"
26,,"TEXT: The Open Door Raj assumed that when the doors were open and restraints removed, China would naturally follow the American path to democracy, prosperity and Christianity.
ASSUMPTION: A path is regression.
QUESTION: How is ""democracy"" being metaphorically described based on the assumption? Choose the best word from the options:""
 A) inflexible
 B) regression
 C) progression
 D) spicy
FINAL ANSWER FORMATTING INSTRUCTION: Your final answer MUST be a single letter, in the form '/boxed[letter]', at the end of your response.",progression,"{'progression': 'A', 'regression': 'B', 'spicy': 'C', 'inflexible': 'D'}","{'A': 'inflexible', 'B': 'regression', 'C': 'progression', 'D': 'spicy'}"
27,,"TEXT: The NGO experiences establish that there is a strong latent demand for education even among the poorest and a responsive education system can overcome the obstacle of poverty to bring children into schools.
ASSUMPTION: A obstacle is ease.
QUESTION: How is ""poverty"" being metaphorically described based on the assumption? Choose the best word from the options:""
 A) opulent
 B) challenge
 C) ample
 D) ease
FINAL ANSWER FORMATTING INSTRUCTION: Your final answer MUST be a single letter, in the form '/boxed[letter]', at the end of your response.",challenge,"{'challenge': 'A', 'ease': 'B', 'ample': 'C', 'opulent': 'D'}","{'A': 'opulent', 'B': 'challenge', 'C': 'ample', 'D': 'ease'}"
28,,"TEXT: This guy is nothing more than a skidmark on the underwear of government, and when we get done you'll think so, too.
ASSUMPTION: An underwear is significant.
QUESTION: How is ""government"" being metaphorically described based on the assumption? Choose the best word from the options:""
 A) insignificant
 B) official
 C) significant
 D) elastic
FINAL ANSWER FORMATTING INSTRUCTION: Your final answer MUST be a single letter, in the form '/boxed[letter]', at the end of your response.",insignificant,"{'insignificant': 'A', 'significant': 'B', 'official': 'C', 'elastic': 'D'}","{'A': 'insignificant', 'B': 'official', 'C': 'significant', 'D': 'elastic'}"
29,,"TEXT: Now the instruments of navigation of democracy are threefold, for democracy rests upon three simple facts : what a man thinks of himself, what a man thinks of others, and what a man thinks of God.
ASSUMPTION: A navigation is rigid.
QUESTION: How is ""democracy"" being metaphorically described based on the assumption? Choose the best word from the options:""
 A) rigid
 B) adaptable
 C) inclusive
 D) imperial
FINAL ANSWER FORMATTING INSTRUCTION: Your final answer MUST be a single letter, in the form '/boxed[letter]', at the end of your response.",adaptable,"{'adaptable': 'A', 'rigid': 'B', 'inclusive': 'C', 'imperial': 'D'}","{'A': 'rigid', 'B': 'adaptable', 'C': 'inclusive', 'D': 'imperial'}"
30,,"TEXT: Mr. Speaker, I believe that there is no greater barometer of democracy than free speech and freedom of the press.
ASSUMPTION: A barometer is coarseness.
QUESTION: How is ""democracy"" being metaphorically described based on the assumption? Choose the best word from the options:""
 A) coarseness
 B) granularity
 C) irregular
 D) furry
FINAL ANSWER FORMATTING INSTRUCTION: Your final answer MUST be a single letter, in the form '/boxed[letter]', at the end of your response.",granularity,"{'granularity': 'A', 'coarseness': 'B', 'furry': 'C', 'irregular': 'D'}","{'A': 'coarseness', 'B': 'granularity', 'C': 'irregular', 'D': 'furry'}"
31,,"TEXT: So what do we need to know to break the chains of poverty in our lives?
ASSUMPTION: The chains are permissive.
QUESTION: How is ""poverty"" being metaphorically described based on the assumption? Choose the best word from the options:""
 A) pervasive
 B) restrictive
 C) permissive
 D) solid
FINAL ANSWER FORMATTING INSTRUCTION: Your final answer MUST be a single letter, in the form '/boxed[letter]', at the end of your response.",restrictive,"{'restrictive': 'A', 'permissive': 'B', 'pervasive': 'C', 'solid': 'D'}","{'A': 'pervasive', 'B': 'restrictive', 'C': 'permissive', 'D': 'solid'}"
32,,"TEXT: 0comments BURLINGTON â€” Selling a project that relies entirely on sales tax to the largest tax generator in the county was a tough sell Thursday night.
ASSUMPTION: A generator is unreliable.
QUESTION: How is ""tax"" being metaphorically described based on the assumption? Choose the best word from the options:""
 A) deductible
 B) reliable
 C) expressive
 D) unreliable
FINAL ANSWER FORMATTING INSTRUCTION: Your final answer MUST be a single letter, in the form '/boxed[letter]', at the end of your response.",reliable,"{'reliable': 'A', 'unreliable': 'B', 'deductible': 'C', 'expressive': 'D'}","{'A': 'deductible', 'B': 'reliable', 'C': 'expressive', 'D': 'unreliable'}"
33,,"TEXT: There are many visions of democracy, and in America we are fortunate to have The Bill of rights together with The Constitution and the Declaration of Independence to create a strong impression of the voice of Democracy.
ASSUMPTION: A voice is dissuasion.
QUESTION: How is ""democracy"" being metaphorically described based on the assumption? Choose the best word from the options:""
 A) persuasion
 B) palpable
 C) quiet
 D) dissuasion
FINAL ANSWER FORMATTING INSTRUCTION: Your final answer MUST be a single letter, in the form '/boxed[letter]', at the end of your response.",persuasion,"{'persuasion': 'A', 'dissuasion': 'B', 'palpable': 'C', 'quiet': 'D'}","{'A': 'persuasion', 'B': 'palpable', 'C': 'quiet', 'D': 'dissuasion'}"
34,,"TEXT: The Senate is poison.
ASSUMPTION: A poison is beneficial.
QUESTION: How is ""senate"" being metaphorically described based on the assumption? Choose the best word from the options:""
 A) harmful
 B) bicameral
 C) beneficial
 D) innocuous
FINAL ANSWER FORMATTING INSTRUCTION: Your final answer MUST be a single letter, in the form '/boxed[letter]', at the end of your response.",harmful,"{'harmful': 'A', 'beneficial': 'B', 'bicameral': 'C', 'innocuous': 'D'}","{'A': 'harmful', 'B': 'bicameral', 'C': 'beneficial', 'D': 'innocuous'}"
35,,"TEXT: December 10, 1996 The Teamsters union, which has filed a petition to represent Anne Arundel police officers and deputy sheriffs, is stuck in a bureaucratic turnstile that may ruin its chance of becoming the county's largest law enforcement bargaining unit.Since October, when more than 400 county police officers filed petition cards calling for a union vote, the Teamsters have been unable to arrange for elections.
ASSUMPTION: A turnstile is variety.
QUESTION: How is ""bureaucratic"" being metaphorically described based on the assumption? Choose the best word from the options:""
 A) spontaneous
 B) variety
 C) repitition
 D) fluffy
FINAL ANSWER FORMATTING INSTRUCTION: Your final answer MUST be a single letter, in the form '/boxed[letter]', at the end of your response.",repitition,"{'repitition': 'A', 'variety': 'B', 'fluffy': 'C', 'spontaneous': 'D'}","{'A': 'spontaneous', 'B': 'variety', 'C': 'repitition', 'D': 'fluffy'}"
36,,"TEXT: TIRANA, Dec 16 (Reuters) - Albania announced on Monday that it would raise taxes from January, scrapping a flat 10 percent corporate and income tax rate, and plans to end tax exemptions for foreign oil workers, as its new government wrestles rising debt.
ASSUMPTION: The wrestles are easy.
QUESTION: How is ""government"" being metaphorically described based on the assumption? Choose the best word from the options:""
 A) inclusive
 B) easy
 C) unregulated
 D) difficult
FINAL ANSWER FORMATTING INSTRUCTION: Your final answer MUST be a single letter, in the form '/boxed[letter]', at the end of your response.",difficult,"{'difficult': 'A', 'easy': 'B', 'inclusive': 'C', 'unregulated': 'D'}","{'A': 'inclusive', 'B': 'easy', 'C': 'unregulated', 'D': 'difficult'}"
37,,"TEXT: Thus it is that humanity today labors under the burden of a vast parasite, which, left unchecked, will do what all parasites do: it will destroy its host, even though its own survival depends upon the health of its host.Â Today the parasite of government has the power to turn our entire planet into a radioactive cinder, unfit to sustain any kind of life as we know it.Â As things stand now, it is likely to do this. But maybe itâ€™s not too late. Maybe, by using HoloMatic institutions comprised of ethical Octologues, we can pull ourselves back from the brink of disaster and transform human society into a sustainable thriving whole.
ASSUMPTION: A parasite is uplifting.
QUESTION: How is ""government"" being metaphorically described based on the assumption? Choose the best word from the options:""
 A) degrading
 B) accountable
 C) uplifting
 D) small
FINAL ANSWER FORMATTING INSTRUCTION: Your final answer MUST be a single letter, in the form '/boxed[letter]', at the end of your response.",degrading,"{'degrading': 'A', 'uplifting': 'B', 'accountable': 'C', 'small': 'D'}","{'A': 'degrading', 'B': 'accountable', 'C': 'uplifting', 'D': 'small'}"
38,,"TEXT: 08 Nor yet again is there any logical reason in the division of the field of the science of political economy for following that department which treats of the distribution of wealth with other departments treating of the consumption of wealth or of taxation, as is done by some of the minor and more recent writers.
ASSUMPTION: A consumption is wasteful.
QUESTION: How is ""wealth"" being metaphorically described based on the assumption? Choose the best word from the options:""
 A) modest
 B) resource-like
 C) wasteful
 D) endless
FINAL ANSWER FORMATTING INSTRUCTION: Your final answer MUST be a single letter, in the form '/boxed[letter]', at the end of your response.",resource-like,"{'resource-like': 'A', 'wasteful': 'B', 'endless': 'C', 'modest': 'D'}","{'A': 'modest', 'B': 'resource-like', 'C': 'wasteful', 'D': 'endless'}"
39,,"TEXT: The system as it evolved seemed to work as intended. Though 29 charter schools closed in the first decade of the stateâ€™s charter school initiative, others thrived. Thereâ€™s no doubt that theyâ€™re popular. Once the legislature eliminated a cap of 100 schools statewide, the ranks of charters grew to 107 this year. Another 25 will open in the fall. The State Board of Education has largely let charter schools rise or fall on their own merits. To its credit, the state board didnâ€™t drown charter schools in a bureaucratic bathtub.
ASSUMPTION: A bathtub is excitatory.
QUESTION: How is ""bureaucratic"" being metaphorically described based on the assumption? Choose the best word from the options:""
 A) informal
 B) wooden
 C) inhibitory
 D) excitatory
FINAL ANSWER FORMATTING INSTRUCTION: Your final answer MUST be a single letter, in the form '/boxed[letter]', at the end of your response.",inhibitory,"{'inhibitory': 'A', 'excitatory': 'B', 'wooden': 'C', 'informal': 'D'}","{'A': 'informal', 'B': 'wooden', 'C': 'inhibitory', 'D': 'excitatory'}"
40,,"TEXT: Your problem is like ours - if the very rich hoover up all the money, how can the system work?
ASSUMPTION: A hoover is released.
QUESTION: How is ""money"" being metaphorically described based on the assumption? Choose the best word from the options:""
 A) organic
 B) colorful
 C) siezed
 D) released
FINAL ANSWER FORMATTING INSTRUCTION: Your final answer MUST be a single letter, in the form '/boxed[letter]', at the end of your response.",siezed,"{'siezed': 'A', 'released': 'B', 'colorful': 'C', 'organic': 'D'}","{'A': 'organic', 'B': 'colorful', 'C': 'siezed', 'D': 'released'}"
41,,"TEXT: But the cost of gun proliferation in America is far higher then the security it provides.
ASSUMPTION: A proliferation is flat.
QUESTION: How is ""gun"" being metaphorically described based on the assumption? Choose the best word from the options:""
 A) spiked
 B) flat
 C) soothing
 D) obsolete
FINAL ANSWER FORMATTING INSTRUCTION: Your final answer MUST be a single letter, in the form '/boxed[letter]', at the end of your response.",spiked,"{'spiked': 'A', 'flat': 'B', 'obsolete': 'C', 'soothing': 'D'}","{'A': 'spiked', 'B': 'flat', 'C': 'soothing', 'D': 'obsolete'}"
42,,"TEXT: Is that most of your fellow gun worshippers?
ASSUMPTION: The worshippers are doubt.
QUESTION: How is ""gun"" being metaphorically described based on the assumption? Choose the best word from the options:""
 A) quiet
 B) noisy
 C) faith-receiving
 D) doubt
FINAL ANSWER FORMATTING INSTRUCTION: Your final answer MUST be a single letter, in the form '/boxed[letter]', at the end of your response.",faith-receiving,"{'faith-receiving': 'A', 'doubt': 'B', 'noisy': 'C', 'quiet': 'D'}","{'A': 'quiet', 'B': 'noisy', 'C': 'faith-receiving', 'D': 'doubt'}"
43,,"TEXT: The gun cult and their stooges won't allow it to be released.
ASSUMPTION: A cult is doubt.
QUESTION: How is ""gun"" being metaphorically described based on the assumption? Choose the best word from the options:""
 A) doubt
 B) tender
 C) faith-receiving
 D) innocuous
FINAL ANSWER FORMATTING INSTRUCTION: Your final answer MUST be a single letter, in the form '/boxed[letter]', at the end of your response.",faith-receiving,"{'faith-receiving': 'A', 'doubt': 'B', 'innocuous': 'C', 'tender': 'D'}","{'A': 'doubt', 'B': 'tender', 'C': 'faith-receiving', 'D': 'innocuous'}"
44,,"TEXT: No, we can not agree that taxation is theft because it is not theft.
ASSUMPTION: A theft is restitution.
QUESTION: How is ""taxation"" being metaphorically described based on the assumption? Choose the best word from the options:""
 A) benevolent
 B) expropriation
 C) restitution
 D) systematic
FINAL ANSWER FORMATTING INSTRUCTION: Your final answer MUST be a single letter, in the form '/boxed[letter]', at the end of your response.",expropriation,"{'expropriation': 'A', 'restitution': 'B', 'systematic': 'C', 'benevolent': 'D'}","{'A': 'benevolent', 'B': 'expropriation', 'C': 'restitution', 'D': 'systematic'}"
45,,"TEXT: â€œThis cannot be called poverty migration,â€ insists Herbert BrÃ¼cker of the IAB.
ASSUMPTION: A migration is settlement.
QUESTION: How is ""poverty"" being metaphorically described based on the assumption? Choose the best word from the options:""
 A) fluffy
 B) plentiful
 C) relocation
 D) settlement
FINAL ANSWER FORMATTING INSTRUCTION: Your final answer MUST be a single letter, in the form '/boxed[letter]', at the end of your response.",relocation,"{'relocation': 'A', 'settlement': 'B', 'fluffy': 'C', 'plentiful': 'D'}","{'A': 'fluffy', 'B': 'plentiful', 'C': 'relocation', 'D': 'settlement'}"
46,,"TEXT: There is only one way to stop the tax hemorrhage.
ASSUMPTION: A hemorrhage is increase.
QUESTION: How is ""tax"" being metaphorically described based on the assumption? Choose the best word from the options:""
 A) tasty
 B) increase
 C) rapid decrease
 D) fluffy
FINAL ANSWER FORMATTING INSTRUCTION: Your final answer MUST be a single letter, in the form '/boxed[letter]', at the end of your response.",rapid decrease,"{'rapid decrease': 'A', 'increase': 'B', 'fluffy': 'C', 'tasty': 'D'}","{'A': 'tasty', 'B': 'increase', 'C': 'rapid decrease', 'D': 'fluffy'}"
47,,"TEXT: Should he succeed, he's likely to bring this poverty propagation to Washington.
ASSUMPTION: A propagation is decrease.
QUESTION: How is ""poverty"" being metaphorically described based on the assumption? Choose the best word from the options:""
 A) rapid increase
 B) No option d
 C) No option c
 D) decrease
FINAL ANSWER FORMATTING INSTRUCTION: Your final answer MUST be a single letter, in the form '/boxed[letter]', at the end of your response.",rapid increase,"{'rapid increase': 'A', 'decrease': 'B', 'No option c': 'C', 'No option d': 'D'}","{'A': 'rapid increase', 'B': 'No option d', 'C': 'No option c', 'D': 'decrease'}"
48,,"TEXT: Government taxation is a parasite on the economic life of any country.
ASSUMPTION: A parasite is beneficial.
QUESTION: How is ""taxation"" being metaphorically described based on the assumption? Choose the best word from the options:""
 A) superfluous
 B) positive
 C) harmful
 D) beneficial
FINAL ANSWER FORMATTING INSTRUCTION: Your final answer MUST be a single letter, in the form '/boxed[letter]', at the end of your response.",harmful,"{'harmful': 'A', 'beneficial': 'B', 'superfluous': 'C', 'positive': 'D'}","{'A': 'superfluous', 'B': 'positive', 'C': 'harmful', 'D': 'beneficial'}"
49,,"TEXT: My idea of pursuing happiness does not include the leech of taxation and the loss of freedoms by regulation without representation.
ASSUMPTION: A leech is beneficial.
QUESTION: How is ""taxation"" being metaphorically described based on the assumption? Choose the best word from the options:""
 A) beneficial
 B) positive
 C) harmful
 D) regulated
FINAL ANSWER FORMATTING INSTRUCTION: Your final answer MUST be a single letter, in the form '/boxed[letter]', at the end of your response.",harmful,"{'harmful': 'A', 'beneficial': 'B', 'regulated': 'C', 'positive': 'D'}","{'A': 'beneficial', 'B': 'positive', 'C': 'harmful', 'D': 'regulated'}"
50,,"TEXT: And their manipulation of rhetoric blinds taxpayers to the inappropriateness of both their means and ends.
ASSUMPTION: The blinds are truthful.
QUESTION: How is ""taxpayers"" being metaphorically described based on the assumption? Choose the best word from the options:""
 A) vertical
 B) deceived
 C) truthful
 D) generous
FINAL ANSWER FORMATTING INSTRUCTION: Your final answer MUST be a single letter, in the form '/boxed[letter]', at the end of your response.",deceived,"{'deceived': 'A', 'truthful': 'B', 'generous': 'C', 'vertical': 'D'}","{'A': 'vertical', 'B': 'deceived', 'C': 'truthful', 'D': 'generous'}"
51,,"TEXT: We need to return to a constitutional federal government, instead of this bloated leech of bureaucracy.
ASSUMPTION: A leech is beneficial.
QUESTION: How is ""bureaucracy"" being metaphorically described based on the assumption? Choose the best word from the options:""
 A) fluid
 B) decentralized
 C) harmful
 D) beneficial
FINAL ANSWER FORMATTING INSTRUCTION: Your final answer MUST be a single letter, in the form '/boxed[letter]', at the end of your response.",harmful,"{'harmful': 'A', 'beneficial': 'B', 'decentralized': 'C', 'fluid': 'D'}","{'A': 'fluid', 'B': 'decentralized', 'C': 'harmful', 'D': 'beneficial'}"
